{"writing":{"page_data":{"id":31,"page_title":"Texts","page_slug":"writing","short_desc":"","page_desc":"<strong>Lorem Ipsum</strong> is simply dummy text of the printing and typesetting industry. Lorem Ipsum has been the industry&#39;s standard dummy text ever since the 1500s, when an unknown printer took a galley of type and scrambled it to make a type specimen book. It has survived not only five centuries, but also the leap into electronic typesetting, remaining essentially unchanged. It was popularised in the 1960s with the release of Letraset sheets containing Lorem Ipsum passages, and more recently with desktop publishing software like Aldus PageMaker including versions of Lorem Ipsum.It is a long established fact that a reader will be distracted by the readable content of a page when looking at its layout. The point of using Lorem Ipsum is that it has a more-or-less normal distribution of letters, as opposed to using &#39;Content here, content here&#39;, making it look like readable English. Many desktop publishing packages and web page editors now use Lorem Ipsum as their default model text, and a search for &#39;lorem ipsum&#39; will uncover many web sites still in their infancy. Various versions have evolved over the years, sometimes by accident, sometimes on purpose (injected humour and the like).<br />\r\n&nbsp;\r\n<p>Contrary to popular belief, Lorem Ipsum is not simply random text. It has roots in a piece of classical Latin literature from 45 BC, making it over 2000 years old. Richard McClintock, a Latin professor at Hampden-Sydney College in Virginia, looked up one of the more obscure Latin words, consectetur, from a Lorem Ipsum passage, and going through the cites of the word in classical literature, discovered the undoubtable source. Lorem Ipsum comes from sections 1.10.32 and 1.10.33 of &quot;de Finibus Bonorum et Malorum&quot; (The Extremes of Good and Evil) by Cicero, written in 45 BC. This book is a treatise on the theory of ethics, very popular during the Renaissance. The first line of Lorem Ipsum, &quot;Lorem ipsum dolor sit amet..&quot;, comes from a line in section 1.10.32.<br />\r\n&nbsp;</p>\r\n\r\n<p>The standard chunk of Lorem Ipsum used since the 1500s is reproduced below for those interested. Sections 1.10.32 and 1.10.33 from &quot;de Finibus Bonorum et Malorum&quot; by Cicero are also reproduced in their exact original form, accompanied by English versions from the 1914 translation by H. Rackham.<br />\r\n&nbsp;</p>\r\nThere are many variations of passages of Lorem Ipsum available, but the majority have suffered alteration in some form, by injected humour, or randomised words which don&#39;t look even slightly believable. If you are going to use a passage of Lorem Ipsum, you need to be sure there isn&#39;t anything embarrassing hidden in the middle of text. All the Lorem Ipsum generators on the Internet tend to repeat predefined chunks as necessary, making this the first true generator on the Internet. It uses a dictionary of over 200 Latin words, combined with a handful of model sentence structures, to generate Lorem Ipsum which looks reasonable. The generated Lorem Ipsum is therefore always free from repetition, injected humour, or non-characteristic words etc.<br />\r\n<br />\r\n<br />\r\n<strong>Lorem Ipsum</strong> is simply dummy text of the printing and typesetting industry. Lorem Ipsum has been the industry&#39;s standard dummy text ever since the 1500s, when an unknown printer took a galley of type and scrambled it to make a type specimen book. It has survived not only five centuries, but also the leap into electronic typesetting, remaining essentially unchanged. It was popularised in the 1960s with the release of Letraset sheets containing Lorem Ipsum passages, and more recently with desktop publishing software like Aldus PageMaker including versions of Lorem Ipsum.It is a long established fact that a reader will be distracted by the readable content of a page when looking at its layout. The point of using Lorem Ipsum is that it has a more-or-less normal distribution of letters, as opposed to using &#39;Content here, content here&#39;, making it look like readable English. Many desktop publishing packages and web page editors now use Lorem Ipsum as their default model text, and a search for &#39;lorem ipsum&#39; will uncover many web sites still in their infancy. Various versions have evolved over the years, sometimes by accident, sometimes on purpose (injected humour and the like).<br />\r\n&nbsp;\r\n<p>Contrary to popular belief, Lorem Ipsum is not simply random text. It has roots in a piece of classical Latin literature from 45 BC, making it over 2000 years old. Richard McClintock, a Latin professor at Hampden-Sydney College in Virginia, looked up one of the more obscure Latin words, consectetur, from a Lorem Ipsum passage, and going through the cites of the word in classical literature, discovered the undoubtable source. Lorem Ipsum comes from sections 1.10.32 and 1.10.33 of &quot;de Finibus Bonorum et Malorum&quot; (The Extremes of Good and Evil) by Cicero, written in 45 BC. This book is a treatise on the theory of ethics, very popular during the Renaissance. The first line of Lorem Ipsum, &quot;Lorem ipsum dolor sit amet..&quot;, comes from a line in section 1.10.32.<br />\r\n&nbsp;</p>\r\n\r\n<p>The standard chunk of Lorem Ipsum used since the 1500s is reproduced below for those interested. Sections 1.10.32 and 1.10.33 from &quot;de Finibus Bonorum et Malorum&quot; by Cicero are also reproduced in their exact original form, accompanied by English versions from the 1914 translation by H. Rackham.<br />\r\n&nbsp;</p>\r\nThere are many variations of passages of Lorem Ipsum available, but the majority have suffered alteration in some form, by injected humour, or randomised words which don&#39;t look even slightly believable. If you are going to use a passage of Lorem Ipsum, you need to be sure there isn&#39;t anything embarrassing hidden in the middle of text. All the Lorem Ipsum generators on the Internet tend to repeat predefined chunks as necessary, making this the first true generator on the Internet. It uses a dictionary of over 200 Latin words, combined with a handful of model sentence structures, to generate Lorem Ipsum which looks reasonable. The generated Lorem Ipsum is therefore always free from repetition, injected humour, or non-characteristic words etc.","sort_order":1},"page_images":[{"image":"http://dcastalia.com/projects/web/area/cms/administrator/uploads/1442402840tmp.png","sort_order":1,"is_gallery":0,"is_banner":0,"short_desc":"","short_title":""}],"child_pages":[]},"contact-us":{"page_data":{"id":38,"page_title":"Contact us","page_slug":"contact-us","short_desc":"","page_desc":"<strong>MOHAMMED EMRAN HOSSAIN</strong> (1979, BANGLADESH) RECEIVED BACHELOR OF ARCHITECTURE FROM BANGLADESH UNIVERSITY OF ENGINEERING AND TECHNOLOGY (BUET) IN 2004 AND MASTER OF ARCHITECTURE DEGREE FROM HARVARD UNIVERSITY, GRADUATE SCHOOL OF DESIGN IN 2007. HE WORKED AS PROJECT ARCHITECT AT VISTAARA ARCHITECTS, DHAKA, AND AS AN INSTRUCTOR AT BRAC UNIVERSITY FROM 2004 UNTIL HIS ENROLLMENT IN THE MASTER&#39;S PROGRAM AT HARVARD, GSD. AFTER HE GRADUATED FROM HARVARD, GSD, EMRAN WORKED AT STEVEN HOLL ARCHITECTS, NEW YORK; FROM 2007 TO 2009. AT STEVEN HOLL ARCHITECTS, EMRAN PRIMARILY WORKED ON &#39;SLICED POROSITY BLOCK&#39; (CHENGDU, CHINA) AND AT DIFFERENT STAGES OF &#39; LINK HYBRID (BEIJING, CHINA) AND VANKE (SHENZHEN, CHINA) PROJECT. BESIDES HIS EXTENSIVE WORK EXPERIENCE, EMRAN HAS ALSO WON A NUMBER OF AWARDS SINCE HE WAS STUDENT; FURTHER EXEMPLIFYING HIS EXTENSIVE SPECIALIZED KNOWLEDGE AND MASTERY OF ARCHITECTURAL DESIGN. IN 2010, EMRAN COLLABORATED HIS DHAKA BASED PRACTICE &#39;PROJECT-BD ARCHITECTS&#39; ALONG WITH ARCHITECT IMTIAJUL ALAM AND FROM 2013 HE STARTED HIS OWN PRACTICE, &quot;ARCHITECT EMRAN &amp; ASSOCIATES&quot;.<br />\r\n<br />\r\n<u>STUDIO</u><br />\r\n<br />\r\nHOUSE-15, ROAD-05 [GROUND FLOOR]<br />\r\nDHANMONDI,DHAKA 1205,<br />\r\nBANGLADESH<br />\r\nCELL:8801841430828<br />\r\nE: OFFICE@AR-EA.CO<br />\r\n<br />\r\n<u>FOLLOW</u><br />\r\n<br />\r\n<a href=\"https://www.facebook.com/ArEA.DHK\" target=\"_blank\">FACEBOOK</a><br />\r\n<a href=\"http://linkdin.com\">LINKEDIN</a><br />\r\n<br />\r\n<u>JOBS &amp; INTERNSHIPS</u><br />\r\n<br />\r\nPLEASE SEND YOUR APPLICATION BY EMAIL OR BY POST TO THE ADDRESS ABOVE.<br />\r\n<br />\r\n<u>AWARDS</u><br />\r\n&nbsp;\r\n<table align=\"left\" border=\"0\" cellpadding=\"1\" cellspacing=\"1\">\r\n\t<tbody>\r\n\t\t<tr>\r\n\t\t\t<td>2015</td>\r\n\t\t\t<td>HONORABLE MENTION &ndash; &ldquo;MH17 MEMORIAL + PARK&rdquo;, AMSTERDAM, NETHERLANDS.</td>\r\n\t\t</tr>\r\n\t\t<tr>\r\n\t\t\t<td>2013</td>\r\n\t\t\t<td>SPECIAL MENTION &ndash; &ldquo;A HOUSE FOR PINK FLOYD&rdquo;, ROMANIA.</td>\r\n\t\t</tr>\r\n\t\t<tr>\r\n\t\t\t<td>2010</td>\r\n\t\t\t<td>FIRST PRIZE - &ldquo;HOUSE OF WAR&rdquo;, ICARCH GALLERY, CHICAGO.</td>\r\n\t\t</tr>\r\n\t\t<tr>\r\n\t\t\t<td>2008</td>\r\n\t\t\t<td>SECOND PRIZE &ndash; &ldquo;5.12 SICHUAN EARTHQUAKE MEMORIAL LANDSCAPE&rdquo;, CHINA.</td>\r\n\t\t</tr>\r\n\t\t<tr>\r\n\t\t\t<td>2008</td>\r\n\t\t\t<td>SPECIAL RECOGNITION &ndash; &ldquo;MUSEUM FOR CONSTANTIN BRANCUSI, PARIS, FRANCE.</td>\r\n\t\t</tr>\r\n\t\t<tr>\r\n\t\t\t<td>2007</td>\r\n\t\t\t<td>COMMENDATION AWARD &ndash; &ldquo;DESIGN PROPOSAL FOR INSTITUTE OF ARCHITECTS BANGLADESH&rdquo;, BANGLADESH.</td>\r\n\t\t</tr>\r\n\t\t<tr>\r\n\t\t\t<td>2006</td>\r\n\t\t\t<td>WINNING ENTRY - SHRINKAGE WORLDWIDE AWARDS (SWA) FOR POSTER DESIGN, SWITZERLAND.</td>\r\n\t\t</tr>\r\n\t\t<tr>\r\n\t\t\t<td>2003</td>\r\n\t\t\t<td>FIRST PRIZE - &ldquo;STREETS OF THE FUTURE&rdquo;, BANGLADESH.</td>\r\n\t\t</tr>\r\n\t\t<tr>\r\n\t\t\t<td>2003</td>\r\n\t\t\t<td>FIRST PRIZE - ANOTHER LIVING ARCHITECTURE FOR DHANMONDI IN 2020, BANGLADESH.</td>\r\n\t\t</tr>\r\n\t</tbody>\r\n</table>\r\n<br />\r\n<br />\r\n<u>EXHIBITIONS</u><br />\r\n&nbsp;\r\n<table border=\"0\" cellpadding=\"1\" cellspacing=\"1\">\r\n\t<tbody>\r\n\t\t<tr>\r\n\t\t\t<td>2004-5</td>\r\n\t\t\t<td>VISITING FACULTY, BRAC UNIVERSITY</td>\r\n\t\t</tr>\r\n\t\t<tr>\r\n\t\t\t<td>2010</td>\r\n\t\t\t<td>VISITING FACULTY, BRAC UNIVERSITY</td>\r\n\t\t</tr>\r\n\t</tbody>\r\n</table>\r\n<br />\r\n<u>JUROR</u><br />\r\n&nbsp;\r\n<table border=\"0\" cellpadding=\"1\" cellspacing=\"1\">\r\n\t<tbody>\r\n\t\t<tr>\r\n\t\t\t<td>2015</td>\r\n\t\t\t<td>&ldquo;BERGER AWARD FOR EXCELLENCE IN ARCHITECTURE 2015&rdquo; IN ASSOCIATION WITH IAB.</td>\r\n\t\t</tr>\r\n\t\t<tr>\r\n\t\t\t<td>2014</td>\r\n\t\t\t<td>NOMAN AWARD FOR EXCELLENCE IN DESIGN, BRAC UNIVERSITY, BANGLADESH.</td>\r\n\t\t</tr>\r\n\t\t<tr>\r\n\t\t\t<td>2013</td>\r\n\t\t\t<td>ARCASIA ARCHITECTURAL STUDENT DESIGN COMPETITION, BANGLADESH.</td>\r\n\t\t</tr>\r\n\t\t<tr>\r\n\t\t\t<td>2012</td>\r\n\t\t\t<td>&#39;DWELLING UNIT 2062&#39;, INTER UNIVERSITY STUDENT DESIGN COMPETITION, BANGLADESH.</td>\r\n\t\t</tr>\r\n\t</tbody>\r\n</table>\r\n<br />\r\n<u>EXHIBITIONS</u><br />\r\n&nbsp;\r\n<table border=\"0\" cellpadding=\"1\" cellspacing=\"1\">\r\n\t<tbody>\r\n\t\t<tr>\r\n\t\t\t<td>2000</td>\r\n\t\t\t<td>GOETHE INSTITUTE BANGLADESH, DHAKA, BANGLADESH.</td>\r\n\t\t</tr>\r\n\t\t<tr>\r\n\t\t\t<td>2003</td>\r\n\t\t\t<td>ALLIANCE FRANCAISE DE DACCA, BANGLADESH.</td>\r\n\t\t</tr>\r\n\t\t<tr>\r\n\t\t\t<td>2004</td>\r\n\t\t\t<td>BANGLADESH UNIVERSITY OF ENGINEERING AND TECHNOLOGY (BUET), DHAKA, BANGLADESH.</td>\r\n\t\t</tr>\r\n\t\t<tr>\r\n\t\t\t<td>2006</td>\r\n\t\t\t<td>GABARRON FOUNDATION CARRIAGE HOUSE CENTER FOR THE ARTS, NEW YORK. USA.</td>\r\n\t\t</tr>\r\n\t\t<tr>\r\n\t\t\t<td>2007</td>\r\n\t\t\t<td>BENGAL ART FOUNDATION, DHAKA, BANGLADESH.</td>\r\n\t\t</tr>\r\n\t\t<tr>\r\n\t\t\t<td>2011</td>\r\n\t\t\t<td>BANGLADESH NATIONAL MUSEUM, DHAKA, BANGLADESH.</td>\r\n\t\t</tr>\r\n\t</tbody>\r\n</table>\r\n<br />\r\n<u>PUBLIC PRESENTATION</u><br />\r\n&nbsp;\r\n<table border=\"0\" cellpadding=\"1\" cellspacing=\"1\">\r\n\t<tbody>\r\n\t\t<tr>\r\n\t\t\t<td>2007</td>\r\n\t\t\t<td>&ldquo;REFRAMING OF OPEN PUBLIC SPACE IN TOKYO&rdquo;, GSD, HARVARD UNIVERSITY, USA.</td>\r\n\t\t</tr>\r\n\t\t<tr>\r\n\t\t\t<td>2006</td>\r\n\t\t\t<td>RESEARCH ON &ldquo;SIR JOHN SOANE&rsquo;S MUSEUM, LONDON&rdquo;, LA CASA PINTADA, MULA, SPAIN.</td>\r\n\t\t</tr>\r\n\t\t<tr>\r\n\t\t\t<td>2006</td>\r\n\t\t\t<td>&ldquo;MUSEUM OF ARCHITECTURE AND DESIGN&rdquo; PRESENTATION, GSD, HARVARD UNIVERSITY, USA.</td>\r\n\t\t</tr>\r\n\t\t<tr>\r\n\t\t\t<td>2010</td>\r\n\t\t\t<td>ANGAN LECTURE, BRAC UNIVERSITY, BANGLADESH.</td>\r\n\t\t</tr>\r\n\t\t<tr>\r\n\t\t\t<td>2011</td>\r\n\t\t\t<td>MONGOLBARER SABHA, BANGLADESH.</td>\r\n\t\t</tr>\r\n\t\t<tr>\r\n\t\t\t<td>2015</td>\r\n\t\t\t<td>UNIVERSITY OF ASIA PACIFIC, BANGLADESH.</td>\r\n\t\t</tr>\r\n\t\t<tr>\r\n\t\t\t<td>2015</td>\r\n\t\t\t<td>MONGOLBARER SABHA, BANGLADESH.</td>\r\n\t\t</tr>\r\n\t</tbody>\r\n</table>\r\n<br />\r\n<u>PRESS</u><br />\r\n&nbsp;\r\n<table border=\"0\" cellpadding=\"1\" cellspacing=\"1\">\r\n\t<tbody>\r\n\t\t<tr>\r\n\t\t\t<td>2005</td>\r\n\t\t\t<td>THE TENTH INTERNATIONAL CONFERENCE OF &ldquo;CAADRIA&rdquo;, INDIA, P: 00</td>\r\n\t\t</tr>\r\n\t\t<tr>\r\n\t\t\t<td>2008</td>\r\n\t\t\t<td>5.12 SICHUAN EARTHQUAKE MEMORIAL LANDSCAPE, &ldquo;LANDSCAPE ARCHITECTURE MAGAZINE&rdquo;, NO. 4</td>\r\n\t\t</tr>\r\n\t\t<tr>\r\n\t\t\t<td>2008</td>\r\n\t\t\t<td>5.12 SICHUAN EARTHQUAKE MEMORIAL LANDSCAPE, CHINA, (OFFICENEWSWIRE.COM), NO. 6773</td>\r\n\t\t</tr>\r\n\t\t<tr>\r\n\t\t\t<td>2008</td>\r\n\t\t\t<td>5.12 SICHUAN EARTHQUAKE MEMORIAL LANDSCAPE, CHINA, (ABBS.COM.CN).</td>\r\n\t\t</tr>\r\n\t\t<tr>\r\n\t\t\t<td>2011</td>\r\n\t\t\t<td>&ldquo;GENESIS TECHNOLOGY GROUP/PROJECT-BD ARCHITECTS&rdquo;, (ARCHDAILY.COM), JAN &ndash; 2011</td>\r\n\t\t</tr>\r\n\t\t<tr>\r\n\t\t\t<td>2012</td>\r\n\t\t\t<td>&ldquo;GENESIS TECHNOLOGY GROUP/PROJECT-BD ARCHITECTS&rdquo;, (OFFICESNAPSHOTS.COM), SEPT - 2012</td>\r\n\t\t</tr>\r\n\t\t<tr>\r\n\t\t\t<td>2013</td>\r\n\t\t\t<td>INTERVIEW, MASHRANGA TELEVISION, JAN &ndash; 2013</td>\r\n\t\t</tr>\r\n\t\t<tr>\r\n\t\t\t<td>2015</td>\r\n\t\t\t<td>MH17 MEMORIAL + PARK (MATTERBETTER.COM), SHOW 4</td>\r\n\t\t</tr>\r\n\t\t<tr>\r\n\t\t\t<td>2015</td>\r\n\t\t\t<td>MH17 MEMORIAL + PARK (ARCHDAILY.COM), FEB - 2015</td>\r\n\t\t</tr>\r\n\t\t<tr>\r\n\t\t\t<td>2015</td>\r\n\t\t\t<td>MH17 MEMORIAL + PARK (THECOMPETITIONSBLOG.COM), FEB - 2015</td>\r\n\t\t</tr>\r\n\t</tbody>\r\n</table>\r\n","sort_order":6},"page_images":[{"image":"http://dcastalia.com/projects/web/area/cms/administrator/uploads/1436174518gif.png","sort_order":1,"is_gallery":0,"is_banner":0,"short_desc":"","short_title":""}],"child_pages":[]}}