{"main_menu":[{"title":"About us","slug":"aboutus","sort_order":32},{"title":"Messages","slug":"messages","sort_order":33},{"title":"As A Team Behind Of You","slug":"as-a-team-behind-of-you","sort_order":35},{"title":"People","slug":"people","sort_order":36},{"title":"Contact us","slug":"contact-us","sort_order":37}],"home-slider":[{"id":11,"slider_id":3,"image":"1440229196AH3.jpg","short_title":"","short_desc":"","sort_order":1},{"id":12,"slider_id":3,"image":"1440229488anz old (6).jpg","short_title":"","short_desc":"","sort_order":2}],"categories":[{"title":"Upcoming","slug":"upcoming","sort_order":2,"desc":"right-nav-2"},{"title":"Completed","slug":"completed","sort_order":3,"desc":"right-nav-3"},{"title":"Ongoing","slug":"Ongoing","sort_order":1,"desc":"right-nav-1"}]}