{"hamdard-university":{"id":215,"title":"HAMDARD UNIVERSITY","slug":"hamdard-university","desc":".","project_order":1,"is_featured":1,"specification":[{"id":255,"product_id":215,"item_name":"Location","item_val":"INSTITUTIONAL 2011"}],"images":[{"url":"http://dcastalia.com/projects/web/area/cms/administrator/product_uploads/1453202569_10_1451300331_10_1449058107_10_6986058-high-resolution-modern-architecture-wallpaper.jpg","title":"","desc":"","sort_order":0,"is_banner":1,"is_gallery":0,"is_hover":0},{"url":"http://dcastalia.com/projects/web/area/cms/administrator/product_uploads/1451300329_10_1449058107_10_o-FREE-facebook.jpg","title":"","desc":"","sort_order":1,"is_banner":0,"is_gallery":0,"is_hover":0},{"url":"http://dcastalia.com/projects/web/area/cms/administrator/product_uploads/1451300330_10_1449058106_10_807769-free-architectural-wallpaper2.jpg","title":"","desc":"","sort_order":2,"is_banner":0,"is_gallery":0,"is_hover":0}],"type":"architecture","category":"Projects"},"isl-gtg":{"id":216,"title":"ISL_GTG","slug":"isl-gtg","desc":"&nbsp;","project_order":1,"is_featured":1,"specification":[{"id":256,"product_id":216,"item_name":"Location","item_val":"INTERIOR 2010"}],"images":[{"url":"http://dcastalia.com/projects/web/area/cms/administrator/product_uploads/1451300261_10_1449058386_10_modern-architecture-330.jpg","title":"","desc":"","sort_order":1,"is_banner":0,"is_gallery":0,"is_hover":0},{"url":"http://dcastalia.com/projects/web/area/cms/administrator/product_uploads/1451300262_10_1449058386_10_home_01.jpg","title":"","desc":"","sort_order":2,"is_banner":1,"is_gallery":0,"is_hover":0},{"url":"http://dcastalia.com/projects/web/area/cms/administrator/product_uploads/1451300262_10_1449058387_10_new-img.jpg","title":"","desc":"","sort_order":3,"is_banner":0,"is_gallery":0,"is_hover":0}],"type":"architecture","category":"Projects"},"gulshan-club":{"id":217,"title":"GULSHAN CLUB","slug":"gulshan-club","desc":"<strong>GULSHAN CLUB</strong> is simply dummy text of the printing and typesetting industry. Lorem Ipsum has been the industry&#39;s standard dummy text ever since the 1500s.<br />\r\n<br />\r\nWhen an unknown printer took a galley of type and scrambled it to make a type specimen book. It has survived not only five centuries, but also the leap into electronic typesetting, remaining essentially unchanged. It was popularised in the 1960s with the release of Letraset sheets containing Lorem Ipsum passages, and more recently with desktop publishing software like Aldus PageMaker including versions of Lorem Ipsum.<br />\r\n<br />\r\nLorem Ipsum has been the industry&#39;s standard dummy text ever since the 1500s, when an unknown printer took a galley of type and scrambled it to make a type specimen book.<br />\r\n<br />\r\nIt has survived not only five centuries, but also the leap into electronic typesetting, remaining essentially unchanged. It was popularised in the 1960s with the release of Letraset sheets containing Lorem Ipsum passages, and more recently with desktop publishing software like Aldus PageMaker including versions of Lorem Ipsum.","project_order":1,"is_featured":1,"specification":[{"id":257,"product_id":217,"item_name":"Location","item_val":"RECREATIONAL 2010"}],"images":[{"url":"http://dcastalia.com/projects/web/area/cms/administrator/product_uploads/1451300198_10_1449057838_10_Pearl-Architecture.jpg","title":"","desc":"","sort_order":1,"is_banner":0,"is_gallery":0,"is_hover":0},{"url":"http://dcastalia.com/projects/web/area/cms/administrator/product_uploads/1451300199_10_1449058226_10_nguyen_01.jpg","title":"","desc":"","sort_order":2,"is_banner":1,"is_gallery":0,"is_hover":0}],"type":"design","category":"Projects"},"icl-trade-center":{"id":218,"title":"ICL TRADE CENTER","slug":"icl-trade-center","desc":"<strong>ICL TRADE CENTER</strong> is simply dummy text of the printing and typesetting industry. Lorem Ipsum has been the industry&#39;s standard dummy text ever since the 1500s, when an unknown printer took a galley of type and scrambled it to make a type specimen book. It has survived not only five centuries, but also the leap into electronic typesetting, remaining essentially unchanged. It was popularised in the 1960s with the release of Letraset sheets containing Lorem Ipsum passages, and more recently with desktop publishing software like Aldus PageMaker including versions of Lorem Ipsum.","project_order":2,"is_featured":0,"specification":[{"id":258,"product_id":218,"item_name":"Location","item_val":"Hotel 2012"}],"images":[{"url":"http://dcastalia.com/projects/web/area/cms/administrator/product_uploads/1451299784_10_1449057838_10_Pearl-Architecture.jpg","title":"","desc":"","sort_order":1,"is_banner":0,"is_gallery":0,"is_hover":0},{"url":"http://dcastalia.com/projects/web/area/cms/administrator/product_uploads/1451299785_10_1449057839_10_Sydney_Opera_House_Sails_edit02_adj.jpg","title":"","desc":"","sort_order":2,"is_banner":1,"is_gallery":0,"is_hover":0},{"url":"http://dcastalia.com/projects/web/area/cms/administrator/product_uploads/1451299790_10_1449058106_10_807769-free-architectural-wallpaper2.jpg","title":"","desc":"","sort_order":3,"is_banner":0,"is_gallery":0,"is_hover":0}],"type":"architecture","category":"Projects"},"hdimage-test":{"id":219,"title":"HDimage Test","slug":"hdimage-test","desc":"<div><strong>HD IMAGE</strong> are simply dummy text of the printing and typesetting industry. Lorem Ipsum has been the industry&#39;s standard dummy text ever since the 1500s.<br />\r\n<br />\r\nWhen an unknown printer took a galley of type and scrambled it to make a type specimen book. It has survived not only five centuries, but also the leap into electronic typesetting, remaining essentially unchanged. It was popularised in the 1960s with the release of Letraset sheets containing Lorem Ipsum passages.<br />\r\n<br />\r\nAnd more recently with desktop publishing software like Aldus PageMaker including versions of Lorem Ipsum.</div>\r\n","project_order":1,"is_featured":0,"specification":[{"id":259,"product_id":219,"item_name":"Location","item_val":"Year 2015"},{"id":260,"product_id":219,"item_name":"other","item_val":"Year 2015"},{"id":261,"product_id":219,"item_name":"other","item_val":"Year 2015"},{"id":262,"product_id":219,"item_name":"other","item_val":"Year 2015"},{"id":263,"product_id":219,"item_name":"other","item_val":"Year 2015"}],"images":[{"url":"http://dcastalia.com/projects/web/area/cms/administrator/product_uploads/1451296499_10_1448957990_10_ytbJn8.jpg","title":"","desc":"","sort_order":1,"is_banner":0,"is_gallery":0,"is_hover":0},{"url":"http://dcastalia.com/projects/web/area/cms/administrator/product_uploads/1451296500_10_1448957991_10_4-Nature-Wallpapers-2014-1_ukaavUI.jpg","title":"","desc":"","sort_order":2,"is_banner":1,"is_gallery":0,"is_hover":0}],"type":"design","category":"Projects"}}