{"product_list":[{"project_id":215,"project_title":"HAMDARD UNIVERSITY","project_slug":"hamdard-university","project_order":1,"is_featured":1,"project_location":"INSTITUTIONAL 2011","project_image":"http://dcastalia.com/projects/web/area/cms/administrator/product_uploads/1453202569_10_1451300331_10_1449058107_10_6986058-high-resolution-modern-architecture-wallpaper.jpg","project_type":"architecture","project_category":"Projects"},{"project_id":216,"project_title":"ISL_GTG","project_slug":"isl-gtg","project_order":1,"is_featured":1,"project_location":"INTERIOR 2010","project_image":"http://dcastalia.com/projects/web/area/cms/administrator/product_uploads/1451300262_10_1449058386_10_home_01.jpg","project_type":"architecture","project_category":"Projects"},{"project_id":217,"project_title":"GULSHAN CLUB","project_slug":"gulshan-club","project_order":1,"is_featured":1,"project_location":"RECREATIONAL 2010","project_image":"http://dcastalia.com/projects/web/area/cms/administrator/product_uploads/1451300199_10_1449058226_10_nguyen_01.jpg","project_type":"design","project_category":"Projects"},{"project_id":218,"project_title":"ICL TRADE CENTER","project_slug":"icl-trade-center","project_order":2,"is_featured":0,"project_location":"Hotel 2012","project_image":"http://dcastalia.com/projects/web/area/cms/administrator/product_uploads/1451299785_10_1449057839_10_Sydney_Opera_House_Sails_edit02_adj.jpg","project_type":"architecture","project_category":"Projects"},{"project_id":219,"project_title":"HDimage Test","project_slug":"hdimage-test","project_order":1,"is_featured":0,"project_location":"Year 2015","project_image":"http://dcastalia.com/projects/web/area/cms/administrator/product_uploads/1451296500_10_1448957991_10_4-Nature-Wallpapers-2014-1_ukaavUI.jpg","project_type":"design","project_category":"Projects"}]}