{"landowner":{"page_data":{"id":35,"page_title":"Landowner","page_slug":"landowner","short_desc":"","page_desc":"Landowner page sample content","sort_order":0},"page_images":[{"image":"http://localhost/tropical/cms/administrator/uploads/1436090503project-2.jpg","sort_order":1,"is_gallery":1,"is_banner":0,"short_desc":"","short_title":""}],"child_pages":[]},"media-center":{"page_data":{"id":37,"page_title":"Media Center","page_slug":"media-center","short_desc":"","page_desc":"Media center sample content","sort_order":0},"page_images":[{"image":"http://localhost/tropical/cms/administrator/uploads/1436090531project-4.jpg","sort_order":1,"is_gallery":1,"is_banner":0,"short_desc":"","short_title":""}],"child_pages":[]},"history":{"page_data":{"id":42,"page_title":"History","page_slug":"history","short_desc":"","page_desc":"Tropical Homes Ltd. started its humble journey in 1996. Twenty years of distance was tough and amusing. We crossed this long way happily gathering experiences from both side of our way.","sort_order":0},"page_images":[{"image":"http://localhost/tropical/cms/administrator/uploads/1436691142gif.png","sort_order":1,"is_gallery":0,"is_banner":1,"short_desc":"","short_title":""}],"child_pages":{"menu":[{"page_title":"Background of the company","page_slug":"background"},{"page_title":"Member","page_slug":"member"},{"page_title":"Area office","page_slug":"area-office"},{"page_title":"Sister Concerns","page_slug":"sister-concerns"},{"page_title":"BOARD OF DIRECTORS","page_slug":"board-of-directors"}],"background":{"page_data":{"id":43,"page_title":"Background of the company","page_slug":"background","short_desc":"","page_desc":"Tropical Homes Ltd. started its humble journey in 1996. Twenty years of distance was tough and amusing. We crossed this long way happily gathering experiences from both side of our way. We, by this time tried to understand the turns and twists of different nature of this business endeavor, to understand the miseries and sorrows, joy and happiness of landowners, customers, employees, labors and all persons directly affiliated with the job we have undertaken. We want to understand more, we want to give whatever we have in terms of our engineering and managerial skill to the cause of people we owe i.e. landowners, customers, our affectionate colleagues in particular and to nation in general. We promise that we are sincere and will do everything to carry out the responsibility once entrusted upon us, whatsoever it may be.<br />\r\n<br />\r\nWe have completed a notable number of high-rise buildings in the city, not to say about normal ones. Of them, there are few landmark building for which we are proud of. We are committed to continue our work with vigor and strength and lead ourselves to the desired destiny.<br />\r\n<br />\r\n&nbsp;","sort_order":0},"page_images":[],"child_pages":[]},"member":{"page_data":{"id":44,"page_title":"Member","page_slug":"member","short_desc":"","page_desc":"-&nbsp; Tropical Homes Ltd. is a member of Real Estate and Housing Association of Bangladesh (REHAB).<br />\r\nHead Office:&nbsp;&nbsp; &nbsp;<br />\r\n- Planners Tower (6th Floor), 13/A, Bir Uttam C.R Datta Road, Banglamotor, Dhaka-1000.<br />\r\n&nbsp;","sort_order":0},"page_images":[],"child_pages":[]},"area-office":{"page_data":{"id":45,"page_title":"Area office","page_slug":"area-office","short_desc":"","page_desc":"- Tropical Alaudding Tower, Plot No-32/c, Road No-2, Sector-03, Uttara,&nbsp;&nbsp;&nbsp;&nbsp;&nbsp;&nbsp; Dhaka-1230.<br />\r\n- Tropical Amarapuri, Plot-14/Ka, Block-D, Main Road, Banasree, West&nbsp;&nbsp; Rampura,&nbsp; Dhaka.","sort_order":0},"page_images":[],"child_pages":[]},"sister-concerns":{"page_data":{"id":46,"page_title":"Sister Concerns","page_slug":"sister-concerns","short_desc":"","page_desc":"1) Tropical Ready Homes Ltd.,<br />\r\n2)&nbsp; Tropical Building Technologies Ltd.,<br />\r\n3) Global Tropical Technology BD Ltd.,<br />\r\n4) Tropical Eurasia Ltd.","sort_order":0},"page_images":[],"child_pages":[]},"board-of-directors":{"page_data":{"id":47,"page_title":"BOARD OF DIRECTORS","page_slug":"board-of-directors","short_desc":"","page_desc":"<table border=\"1\" cellpadding=\"1\" cellspacing=\"1\" style=\"width: 500px;\">\r\n\t<tbody>\r\n\t\t<tr>\r\n\t\t\t<td>Chairman</td>\r\n\t\t\t<td>Dr. Md. Rezaul Karim, MBBS, PhD</td>\r\n\t\t</tr>\r\n\t\t<tr>\r\n\t\t\t<td>Managing Director</td>\r\n\t\t\t<td>Rabiul Haque, MSc, MBA.</td>\r\n\t\t</tr>\r\n\t\t<tr>\r\n\t\t\t<td>Deputy Managing Director</td>\r\n\t\t\t<td>Md. Nurul Huda</td>\r\n\t\t</tr>\r\n\t\t<tr>\r\n\t\t\t<td>Director</td>\r\n\t\t\t<td>Dr. Sanjita Akhter</td>\r\n\t\t</tr>\r\n\t\t<tr>\r\n\t\t\t<td>Director</td>\r\n\t\t\t<td>Mohammad Bilal</td>\r\n\t\t</tr>\r\n\t\t<tr>\r\n\t\t\t<td>Director</td>\r\n\t\t\t<td>Ahamed Sabbir</td>\r\n\t\t</tr>\r\n\t</tbody>\r\n</table>\r\n","sort_order":0},"page_images":[],"child_pages":[]}}},"career":{"page_data":{"id":39,"page_title":"Career","page_slug":"career","short_desc":"","page_desc":"<b>Career Information</b>","sort_order":0},"page_images":[{"image":"http://localhost/tropical/cms/administrator/uploads/1436691703gif.png","sort_order":1,"is_gallery":0,"is_banner":0,"short_desc":"","short_title":""}],"child_pages":[]},"home":{"page_data":{"id":30,"page_title":"Home","page_slug":"home","short_desc":"","page_desc":"<b>Welcome to Tropical Homes Limited</b><br />\r\n<span class=\"contentheading style1\">Quality is our commitment. Service is our motto. Satisfaction is our goal.</span>","sort_order":0},"child_pages":[]},"contact-us":{"page_data":{"id":38,"page_title":"Contact us","page_slug":"contact-us","short_desc":"","page_desc":"<div class=\"\">\r\n<div class=\"text-box-1\"><span>Please share you interests, comments and feedback with us to serve you with better services </span></div>\r\n</div>\r\n\r\n<form action=\"#\" method=\"POST\">\r\n<p><label for=\"#\">YOUR NAME</label> <span>*</span> <input name=\"\" type=\"text\" /></p>\r\n\r\n<p><label for=\"#\">EMAIL ADDRESS</label> <span>*</span> <input name=\"\" type=\"text\" /></p>\r\n\r\n<p><label for=\"#\">MOBILE NUMBER</label> <input name=\"\" type=\"text\" /></p>\r\n\r\n<p><label for=\"#\">INTERESTED IN</label> <select name=\"#\"><option value=\"\"></option><option value=\"xxx\">sXs</option><option value=\"xxx\">sXs</option><option value=\"xxx\">sXs</option><option value=\"xxx\">sXs</option> </select></p>\r\n\r\n<p><label for=\"#\">MESSAGE</label> <span>*</span><textarea></textarea></p>\r\n\r\n<p><input type=\"submit\" value=\"Send\" /></p>\r\n</form>\r\n","sort_order":0},"page_images":[{"image":"http://localhost/tropical/cms/administrator/uploads/1436174518gif.png","sort_order":1,"is_gallery":0,"is_banner":0,"short_desc":"","short_title":""}],"child_pages":{"menu":[{"page_title":"Contact us","page_slug":"form"}],"form":{"page_data":{"id":40,"page_title":"Contact us","page_slug":"form","short_desc":"","page_desc":"<div class=\"detail-wrapper-text\"><span><img alt=\"\" src=\"img/map.jpg\" /> </span></div>\r\n\r\n<div class=\"contact-us-item\">\r\n<div class=\"c-wrap\">\r\n<div><i class=\"homes homes-li-img-1\"></i></div>\r\n\r\n<span>13/A, Bipanon C/A, Bir Uttam C. R. Datta Road (Sonargaon Road), Banglamotor, Dhaka &ndash; 1000</span>\r\n</div>\r\n\r\n<div class=\"c-wrap\">\r\n<div><i class=\"homes homes-li-img-2\"></i></div>\r\n\r\n<span>028614280</span>\r\n</div>\r\n\r\n<div class=\"c-wrap\">\r\n<div><i class=\"homes homes-li-img-3\"></i></div>\r\n\r\n<span>info@tropicalhomesltd.com</span>\r\n</div>\r\n</div>\r\n<!--END OF .contact-us-item-->","sort_order":0},"page_images":[],"child_pages":[]}}},"about-us":{"page_data":{"id":31,"page_title":"About us","page_slug":"about-us","short_desc":"","page_desc":"People recognize us as an old and experienced Real Estate Company of the Country. We are specially renowned for construction of high-rise and mixed use building which are very popular now-a-days.","sort_order":0},"page_images":[{"image":"http://localhost/tropical/cms/administrator/uploads/1436089306strace.jpg","sort_order":1,"is_gallery":1,"is_banner":0,"short_desc":"","short_title":""}],"child_pages":{"menu":[{"page_title":"Chairman Message","page_slug":"chairman-message"},{"page_title":"What we are","page_slug":"what-we-are"},{"page_title":"Our mission","page_slug":"our-mission"},{"page_title":"Our Vision","page_slug":"our-vision"}],"chairman-message":{"page_data":{"id":32,"page_title":"Chairman Message","page_slug":"chairman-message","short_desc":"","page_desc":"<strong>FROM THE DESK OF CHAIRMAN</strong><br />\r\n<br />\r\nWhile there is life, there is hope. Hope associated with your piece of land can be wishfully materialized by us into your dream house with our technology &amp; know-how, taking into consideration the demand of the day, efficient space utilization and aesthetic architectural design. Tropical Homes Ltd. has earned enormous trust in the area of high-rise building construction as market leader. We welcome you to come forward to exchange our ideas for excellence.<br />\r\n<br />\r\nThanking you,<br />\r\n<br />\r\n<strong>Dr. Md. Rezaul Karim</strong><br />\r\nMBBS, Phd<br />\r\nChairman<br />\r\nTropical Homes Ltd.","sort_order":1},"page_images":[],"child_pages":[]},"what-we-are":{"page_data":{"id":33,"page_title":"What we are","page_slug":"what-we-are","short_desc":"","page_desc":"People recognize us as an old and experienced Real Estate Company of the Country. We are specially renowned for construction of high-rise and mixed use building which are very popular now-a-days.<br />\r\n<br />\r\nThe horizon of Dhaka depicts the picture of our presence and domination of the city. We have gained the confidence of the people through our Quality, Commitment, Sincerity and Architectural effort to maximize the functional aspects of modern living.<br />\r\n<br />\r\nOur promise remains to give unparallel services to the buyers, landowners &amp; investors through development of luxury spaces by providing modern, functional and aesthetic living and set a standard for Real Estate Development. To name a few, we have completed projects like Planners Tower at Banglamotor, Tropical Alauddin Tower at Uttara, Dhaka Trade Centre at Kawran Bazar, Shatabdi Centre at Fakirapool, Gulfesha Plaza at Bara Mogbazar, etc.<br />\r\nWe are here to exchange our ideas for excellence.<br />\r\n&nbsp;","sort_order":2},"page_images":[],"child_pages":[]},"our-mission":{"page_data":{"id":34,"page_title":"Our mission","page_slug":"our-mission","short_desc":"","page_desc":"Quality is our commitment, Service is our Motto and Satisfaction is our Goal. With these morale in mind, we are to go for developing the housing sector of the country, specially for the middle class and upper middle class people.<br />\r\n<br />\r\nTo satisfy our employees by their personal well-being and career development through proper training.<br />\r\n<br />\r\nTo ensure a reasonable trend of return on investment which will enable us to spend squarely in research of real estate sector and to find out the opportunity and innovative ideas in this field.","sort_order":3},"page_images":[],"child_pages":[]},"our-vision":{"page_data":{"id":41,"page_title":"Our Vision","page_slug":"our-vision","short_desc":"","page_desc":"To emerge as the leading player in the real estate sector by adopting best practice from production to marketing with due care to environment and social sustenance.<br />\r\n<br />\r\nTo increase the value of our company by achieving customer expectation, market leadership and ensuring excellence in every segment of our company.<br />\r\n<br />\r\nTo become the world&rsquo;s most valued company to employees, customers, colleagues, investors, business partners and the communities where we work and live.","sort_order":4},"page_images":[],"child_pages":[]}}}}