{"main_menu":[{"title":"About us","slug":"about-us","sort_order":49},{"title":"History","slug":"history","sort_order":50},{"title":"Landowner","slug":"landowner","sort_order":51},{"title":"Career","slug":"career","sort_order":52},{"title":"Contact us","slug":"contact-us","sort_order":53}],"home-slider":[{"id":9,"slider_id":3,"image":"1435139011images.jpg","short_title":"Tropical Homes Ltd.","short_desc":"Quality is our Commitment, Service is our motto,Satisfiction is our goal","sort_order":0}],"categories":[{"title":"Ongoing","slug":"ongoing","sort_order":1,"desc":"right-nav-1"},{"title":"Upcoming","slug":"upcoming","sort_order":2,"desc":"right-nav-2"},{"title":"Completed","slug":"completed","sort_order":3,"desc":"right-nav-3"}]}