{"product_list":[{"project_id":53,"project_title":"TROPICAL GULFESHA CENTRE","project_slug":"tropical-gulfesha-centre","project_order":0,"project_location":"69, Outer Circular Road, Maghbazar, Dhaka","project_image":"http://localhost/tropical/cms/administrator/product_uploads/1436182075_8_Untitled-1.jpg","project_type":"Commertial","project_category":"Completed"},{"project_id":59,"project_title":"TROPICAL KADER GARDEN","project_slug":"tropical-kader-garden","project_order":0,"project_location":"335-7, Mogbazar, Dhaka","project_image":"http://localhost/tropical/cms/administrator/product_uploads/1436183501_8_Untitled-1.jpg","project_type":"Commertial cum Residential","project_category":"Completed"},{"project_id":93,"project_title":"TROPICAL PLANNERS TOWER","project_slug":"tropical-planners-tower","project_order":0,"project_location":"13/A, CR Datta Road, Banglamotor, Dhaka","project_image":"http://localhost/tropical/cms/administrator/product_uploads/1436264084_8_Untitled-1.jpg","project_type":"Commertial","project_category":"Completed"},{"project_id":44,"project_title":"SAHERA TROPICAL CENTRE","project_slug":"sahera-tropical-center","project_order":0,"project_location":"Location: 175, Bijoy Nagar, Dhaka.","project_image":"http://localhost/tropical/cms/administrator/product_uploads/1436179834_8_Untitled-1.jpg","project_type":"Commertial","project_category":"Completed"},{"project_id":45,"project_title":"TROPICA P.M. MADINA VILLA","project_slug":"tropical-pm-madina-villa","project_order":0,"project_location":"Location: Shajahan Road, Mohammadpur, Dhaka","project_image":"http://localhost/tropical/cms/administrator/product_uploads/1436180036_8_Untitled-1.jpg","project_type":"Residential","project_category":"Ongoing"},{"project_id":46,"project_title":"TROPICAL A K FALU TOWER","project_slug":"tropical-a-k-falu-tower","project_order":0,"project_location":"Location: 357/11,Modhubagh,Moghbazar,Dhaka.","project_image":"http://localhost/tropical/cms/administrator/product_uploads/1436180245_8_Untitled-1.jpg","project_type":"Residential","project_category":"Completed"},{"project_id":47,"project_title":"TROPICAL ALAUDDIN SKY VISTA","project_slug":"tropical-alauddin-sky-vista","project_order":0,"project_location":"Location: Gulshan,Dhaka.","project_image":"http://localhost/tropical/cms/administrator/product_uploads/1436180439_8_Untitled-1.jpg","project_type":"Residential","project_category":"Upcoming"},{"project_id":50,"project_title":"TROPICAL CORDIAL HOMES","project_slug":"tropical-cordial-homes","project_order":0,"project_location":"354,Dilu Road,Dhaka.","project_image":"http://localhost/tropical/cms/administrator/product_uploads/1436181492_8_Untitled-1.jpg","project_type":"Residential","project_category":"Completed"},{"project_id":51,"project_title":"TROPICAL DHAKA TRADE CENTRE","project_slug":"tropical-dhaka-trade-centre","project_order":0,"project_location":"99, Kazi Nazrul Iaslam Avenue, Karwan Bazar, Dhaka.","project_image":"http://localhost/tropical/cms/administrator/product_uploads/1436181638_8_Untitled-1.jpg","project_type":"Commertial","project_category":"Completed"},{"project_id":42,"project_title":"KADER TROPICAL HEIGHTS","project_slug":"kader-tropical-heights","project_order":0,"project_location":"Location: 10, Hatkhola Road, Dhaka","project_image":"http://localhost/tropical/cms/administrator/product_uploads/1436179387_8_Untitled-1.jpg","project_type":"Commertial cum Residential","project_category":"Completed"},{"project_id":52,"project_title":"TROPICAL GREEN HOMES","project_slug":"tropical-green-homes","project_order":0,"project_location":"25 C, D & J,Green Road,Dhaka.","project_image":"http://localhost/tropical/cms/administrator/product_uploads/1436181866_8_Untitled-1.jpg","project_type":"Residential","project_category":"Completed"},{"project_id":43,"project_title":"NOOR TOWER","project_slug":"noor-tower","project_order":0,"project_location":"Location: Karwanbazar,Dhaka.","project_image":"http://localhost/tropical/cms/administrator/product_uploads/1436179633_8_Untitled-1.jpg","project_type":"Commertial","project_category":"Upcoming"},{"project_id":54,"project_title":"TROPICAL GULMOHOR","project_slug":"tropical-gulmohor","project_order":0,"project_location":" 19/2,Garden Road,Karwan Bazar,Dhaka.","project_image":"http://localhost/tropical/cms/administrator/product_uploads/1436182282_8_Untitled-1.jpg","project_type":"Residential","project_category":"Completed"},{"project_id":55,"project_title":"TROPICAL GULSHAN","project_slug":"tropical-gulshan","project_order":0,"project_location":"Gulshan,Dhaka.","project_image":"http://localhost/tropical/cms/administrator/product_uploads/1436182456_8_Untitled-1.jpg","project_type":"Residential","project_category":"Upcoming"},{"project_id":57,"project_title":"TROPICAL HASAN TOWER","project_slug":"tropical-hasan-tower","project_order":0,"project_location":"13,Lake Circus, Kalabagan, Dhaka.","project_image":"http://localhost/tropical/cms/administrator/product_uploads/1436182881_8_Untitled-1.jpg","project_type":"Residential","project_category":"Ongoing"},{"project_id":58,"project_title":"TROPICAL HAZI BARI","project_slug":"tropical-hazi-bari","project_order":0,"project_location":" 88/1, Katasur, Mohammadpur, Dhaka","project_image":"http://localhost/tropical/cms/administrator/product_uploads/1436183060_8_Untitled-1.jpg","project_type":"Residential","project_category":"Ongoing"},{"project_id":60,"project_title":"TROPICAL KARIM SPANGLA HUT","project_slug":"tropical-karim-spangla-hut","project_order":0,"project_location":"Plot-35, Sector-13, Uttara, Dhaka.","project_image":"http://localhost/tropical/cms/administrator/product_uploads/1436183680_8_Untitled-1.jpg","project_type":"Commertial","project_category":"Completed"},{"project_id":63,"project_title":"TROPICAL M.L. POINT","project_slug":"tropical-ml-point","project_order":0,"project_location":"43,New Circular Road,Moghbazar,Dhaka.","project_image":"http://localhost/tropical/cms/administrator/product_uploads/1436420214_8_images_a.jpg","project_type":"Commertial cum Residential","project_category":"Completed"},{"project_id":65,"project_title":"TROPICAL MAHABUB PLAZA","project_slug":"tropical-mahabub-plaza","project_order":0,"project_location":"21/A Topkhana Road, Dhaka.","project_image":"http://localhost/tropical/cms/administrator/product_uploads/1436184387_8_Untitled-1.jpg","project_type":"Commertial","project_category":"Ongoing"},{"project_id":66,"project_title":"TROPICAL MANSOOR PLACE","project_slug":"tropical-mansoor-place","project_order":0,"project_location":" Doctor Goli,Boro Moghbazar,Dhaka.","project_image":"http://localhost/tropical/cms/administrator/product_uploads/1436263179_8_Untitled-1.jpg","project_type":"Residential","project_category":"Completed"},{"project_id":67,"project_title":"TROPICAL MEHERBA PLAZA","project_slug":"tropical-meherba-plaza","project_order":0,"project_location":"133, Topkhana Road, Dhaka.","project_image":"http://localhost/tropical/cms/administrator/product_uploads/1436184573_8_Untitled-1.jpg","project_type":"Commertial","project_category":"Completed"},{"project_id":69,"project_title":"TROPICAL OCEAN CENTRE","project_slug":"tropical-ocean-centre","project_order":0,"project_location":"Karwanbazar,Dhaka.","project_image":"http://localhost/tropical/cms/administrator/product_uploads/1436184958_8_Untitled-1.jpg","project_type":"Commertial","project_category":"Upcoming"},{"project_id":70,"project_title":"TROPICAL ORCHID ELEGANCE","project_slug":"tropical-orchid-elegance","project_order":0,"project_location":" G Block, Bashundhara, Dhaka.","project_image":"http://localhost/tropical/cms/administrator/product_uploads/1436185125_8_Untitled-1.jpg","project_type":"Residential","project_category":"Completed"},{"project_id":73,"project_title":"TROPICAL PRESTIE HOMES","project_slug":"tropical-prestie-homes","project_order":0,"project_location":"23,Shegun Bagicha,Dhaka.","project_image":"http://localhost/tropical/cms/administrator/product_uploads/1436420272_8_images_a.jpg","project_type":"Residential","project_category":"Completed"},{"project_id":74,"project_title":"TROPICAL PRIME","project_slug":"tropical-prime","project_order":0,"project_location":"130, West Nakhalpara, Tejgaon, Dhaka.","project_image":"http://localhost/tropical/cms/administrator/product_uploads/1436185769_8_Untitled-1.jpg","project_type":"Residential","project_category":"Completed"},{"project_id":75,"project_title":"TROPICAL RAFA PLAZA","project_slug":"tropical-rafa-plaza","project_order":0,"project_location":"Road-12, Sector-6, Uttara, Dhaka","project_image":"http://localhost/tropical/cms/administrator/product_uploads/1436185926_8_Untitled-1.jpg","project_type":"Commertial","project_category":"Completed"},{"project_id":76,"project_title":"TROPICAL RAHMAN TOWER","project_slug":"tropical-rahman-tower","project_order":0,"project_location":" 52/1-5, Purana Paltan, Dhaka.","project_image":"http://localhost/tropical/cms/administrator/product_uploads/1436186077_8_Untitled-1.jpg","project_type":"Residential","project_category":"Completed"},{"project_id":79,"project_title":"TROPICAL RAZIA PLAZA","project_slug":"tropical-razia-plaza","project_order":0,"project_location":"26/1, Chamelibagh, Shantinagar, Dhaka","project_image":"http://localhost/tropical/cms/administrator/product_uploads/1436186435_8_Untitled-1.jpg","project_type":"Commertial cum Residential","project_category":"Completed"},{"project_id":81,"project_title":"TROPICAL SHARMI CENTRE","project_slug":"tropical-sharmi-centre","project_order":0,"project_location":"Plot-30, Sector-13, Uttara, Dhaka","project_image":"http://localhost/tropical/cms/administrator/product_uploads/1436186717_8_Untitled-1.jpg","project_type":"Commertial","project_category":"Ongoing"},{"project_id":41,"project_title":"ELECTRA TOWER","project_slug":"electra-tower","project_order":0,"project_location":"Location: 68/1,Purana Paltan,Dhaka.","project_image":"http://localhost/tropical/cms/administrator/product_uploads/1436179113_8_Untitled-1.jpg","project_type":"Commertial","project_category":"Upcoming"},{"project_id":82,"project_title":"TROPICAL SHATABDI CENTRE","project_slug":"tropical-shatabdi-centre","project_order":0,"project_location":"292, Inner Circular Road, Fakirapool, Dhaka.","project_image":"http://localhost/tropical/cms/administrator/product_uploads/1436186830_8_Untitled-1.jpg","project_type":"Commertial","project_category":"Completed"},{"project_id":83,"project_title":"TROPICAL SINHA DOLLY","project_slug":"tropical-sinha-dolly","project_order":0,"project_location":" Ga 125/A,Badda,Dhaka.","project_image":"http://localhost/tropical/cms/administrator/product_uploads/1436186990_8_Untitled-1.jpg","project_type":"Residential","project_category":"Completed"},{"project_id":84,"project_title":"TROPICAL SONARGAON","project_slug":"tropical-sonargaon","project_order":0,"project_location":" Bashundhara,Dhaka.","project_image":"http://localhost/tropical/cms/administrator/product_uploads/1436187088_8_Untitled-1.jpg","project_type":"Residential","project_category":"Completed"},{"project_id":85,"project_title":"TROPICAL SUPROVAT","project_slug":"tropical-suprovat","project_order":0,"project_location":"Sector-3, Rabindra Sarani, Uttara, Dhaka.","project_image":"http://localhost/tropical/cms/administrator/product_uploads/1436187207_8_Untitled-1.jpg","project_type":"Residential","project_category":"Completed"},{"project_id":86,"project_title":"TROPICAL TAKIA CENTRE","project_slug":"tropical-takia-centre","project_order":0,"project_location":"Sonargaon Janapath Road, Sector-7, Uttara, Dhaka","project_image":"http://localhost/tropical/cms/administrator/product_uploads/1436187308_8_Untitled-1.jpg","project_type":"Commertial","project_category":"Completed"},{"project_id":87,"project_title":"TROPICAL WAHID CENTRE","project_slug":"tropical-wahid-centre","project_order":0,"project_location":"Bijoynagar, Dhaka.","project_image":"http://localhost/tropical/cms/administrator/product_uploads/1436188232_8_Untitled-1.jpg","project_type":"Commertial cum Residential","project_category":"Ongoing"},{"project_id":88,"project_title":"TROPICALGULMOHOR","project_slug":"tropical-gulmohor","project_order":0,"project_location":"175, Bijoy Nagar, Dhaka.","project_image":"http://localhost/tropical/cms/administrator/product_uploads/1436188440_8_Untitled-2.jpg","project_type":"Commertial","project_category":"Completed"},{"project_id":89,"project_title":"TROPICANA TOWER","project_slug":"tropicana-tower","project_order":0,"project_location":" 45, Topkhana Road, Paltan More, Dhaka.","project_image":"http://localhost/tropical/cms/administrator/product_uploads/1436188546_8_Untitled-1.jpg","project_type":"Commertial","project_category":"Completed"},{"project_id":90,"project_title":"TROPICAL AMINA IMAM","project_slug":"tropical-amina-imam","project_order":0,"project_location":"Location: Plot-17, road-3.sector-13,uttara,dhaka","project_image":"http://localhost/tropical/cms/administrator/product_uploads/1436259752_8_Untitled-1.jpg","project_type":"Residential","project_category":"Completed"},{"project_id":92,"project_title":"TROPICAL ASMA GARDEN","project_slug":"tropical-asma-garden","project_order":0,"project_location":"Dhaka Cantonment, Dhaka","project_image":"http://localhost/tropical/cms/administrator/product_uploads/1436260326_8_Untitled-1.jpg","project_type":"Residential","project_category":"Ongoing"},{"project_id":56,"project_title":"TROPICAL HAIDER AMORAPURI","project_slug":"tropical-haider-amorapuri","project_order":0,"project_location":" House no-14/Ka, Block-D, Main road, Bonosree, Dhaka","project_image":"http://localhost/tropical/cms/administrator/product_uploads/1436182602_8_Untitled-1.jpg","project_type":"Residential","project_category":"Upcoming"},{"project_id":80,"project_title":"TROPICAL SETU HOMES","project_slug":"tropical-setu-homes","project_order":0,"project_location":"55, Box Nagar, Zoo Road, Mirpur - 1, Dhaka - 1216","project_image":"http://localhost/tropical/cms/administrator/product_uploads/1436186574_8_Untitled-1.jpg","project_type":"Residential","project_category":"Completed"},{"project_id":68,"project_title":"TROPICAL NMG TOWER","project_slug":"tropical-nmg-tower","project_order":0,"project_location":"224/1, New Eskaton Road, Dhaka","project_image":"http://localhost/tropical/cms/administrator/product_uploads/1436263530_8_Untitled-1.jpg","project_type":"Commertial","project_category":"Ongoing"},{"project_id":71,"project_title":"TROPICAL PARK VIEW","project_slug":"tropical-park-view","project_order":0,"project_location":"9/1,9/2,9/3,9/4 Free school street, Dhanmondi , Dhaka","project_image":"http://localhost/tropical/cms/administrator/product_uploads/1436185339_8_Untitled-1.jpg","project_type":"Residential","project_category":"Ongoing"},{"project_id":77,"project_title":"TROPICAL RAHMAN VILLA","project_slug":"tropicl-rahman-villa","project_order":0,"project_location":"Plot no-52, Alaul Avenue, Sector -06, Uttara , Dhaka","project_image":"http://localhost/tropical/cms/administrator/product_uploads/1436186185_8_Untitled-1.jpg","project_type":"Residential","project_category":"Ongoing"},{"project_id":62,"project_title":"TROPICAL LAKEDRIVE","project_slug":"tropical-lakedrive","project_order":0,"project_location":"Ka 24-26, Shajaspur, Badda, Gulshan, Dhaka.","project_image":"http://localhost/tropical/cms/administrator/product_uploads/1436183968_8_Untitled-1.jpg","project_type":"Residential","project_category":"Ongoing"},{"project_id":78,"project_title":"TROPICAL RAMPURA HEIGHTS","project_slug":"tropical-rampura-heights","project_order":0,"project_location":"39/7/1/A , East Hazipara, Rampura, Dhaka","project_image":"http://localhost/tropical/cms/administrator/product_uploads/1436186307_8_Untitled-1.jpg","project_type":"Residential","project_category":"Ongoing"},{"project_id":48,"project_title":"TROPICAL ALAUDDIN TOWER","project_slug":"tropical-alauddin-tower","project_order":0,"project_location":"Location: Road-2, Sector-3, Uttara, Dhaka.","project_image":"http://localhost/tropical/cms/administrator/product_uploads/1436180613_8_Untitled-1.jpg","project_type":"Commertial cum Residential","project_category":"Completed"},{"project_id":61,"project_title":"TROPICAL KHATHAL BAGAN","project_slug":"tropical-kathal-bagan","project_order":0,"project_location":"11/7,11/7/A-C, 11/7/Ka, Free School Street, Kathalbagan, Dhaka","project_image":"http://localhost/tropical/cms/administrator/product_uploads/1436183829_8_Untitled-1.jpg","project_type":"Residential","project_category":"Ongoing"},{"project_id":49,"project_title":"TROPICAL CANTT VIEW","project_slug":"tropical-cantt-view","project_order":0,"project_location":"166-167/4, North Vasantek, Maticata, Dhaka Cantonment, Dhaka","project_image":"http://localhost/tropical/cms/administrator/product_uploads/1436181303_8_Untitled-1.jpg","project_type":"Commertial cum Residential","project_category":"Upcoming"},{"project_id":64,"project_title":"TROPICAL MAANCO TOWER","project_slug":"tropical-maanco-tower","project_order":0,"project_location":"Ta-111-112, Middle Badda, Gulshan, Dhaka.","project_type":"Commertial","project_category":"Ongoing"},{"project_id":38,"project_title":"TROPICAL BHUIYAN TOWER","project_slug":"tropical-bhuiyan-tower","project_order":0,"project_location":"30,30/1, Jatrabari, Dhaka.","project_image":"http://localhost/tropical/cms/administrator/product_uploads/1436260790_8_Untitled-1.jpg","project_type":"Commertial cum Residential","project_category":"Ongoing"}]}